<?xml version="1.0" encoding="UTF-8"?>
<project-private xmlns="http://www.netbeans.org/ns/project-private/1">
    <editor-bookmarks xmlns="http://www.netbeans.org/ns/editor-bookmarks/2" lastBookmarkId="0"/>
    <open-files xmlns="http://www.netbeans.org/ns/projectui-open-files/2">
        <group>
            <file>file:/D:/Programing/Sms%202o/Login/src/Frame/Editinfo.java</file>
            <file>file:/D:/Programing/Sms%202o/Login/src/Frame/StudentPayment.java</file>
            <file>file:/D:/Programing/Sms%202o/Login/src/Frame/ShowInfo.java</file>
            <file>file:/D:/Programing/Sms%202o/Login/src/Frame/AddNewT.java</file>
            <file>file:/D:/Programing/Sms%202o/Login/src/Frame/TeacherPayment.java</file>
            <file>file:/D:/Programing/Sms%202o/Login/src/Frame/Cgpa.java</file>
            <file>file:/D:/Programing/Sms%202o/Login/src/Frame/Certificate.java</file>
            <file>file:/D:/Programing/Sms%202o/Login/src/Frame/CourseInfo.java</file>
            <file>file:/D:/Programing/Sms%202o/Login/src/Frame/AddNew.java</file>
            <file>file:/D:/Programing/Sms%202o/Login/src/Frame/Delete.java</file>
            <file>file:/D:/Programing/Sms%202o/Login/src/Frame/Home.java</file>
        </group>
    </open-files>
</project-private>
